<?xml version="1.0" ?>
<addon id="plugin.tvnz.ondemand" name="TVNZ OnDemand" version="0.1.1" provider-name="MattHuisman.nz">
  <requires>
    <import addon="xbmc.python" version="2.1.0"/>
    <import addon="script.module.simplejson"/>
    <import addon="script.module.requests"/>
  </requires>
  <extension library="default.py" point="xbmc.python.pluginsource" provides="video">
    <provides>video</provides>
  </extension>
  <extension point="xbmc.addon.metadata">
    <description lang="en">Watch your favourite TVNZ shows OnDemand</description>
    <license>GNU General Public License, v2</license>
    <language></language>
    <website>http://www.matthuisman.nz</website>
    <news>0.1.1 (23/06/2017)
- Move live channels into own directory

0.1.0 (23/06/2017)
- Add TVNZ ONE and TVNZ TWO Live Streams!!</news>
  </extension>
</addon>
