<?xml version="1.0" encoding="UTF-8" standalone="yes"?>
<addon id="repository.matthuisman" name="MattHuisman.nz Repository" version="0.0.3" provider-name="MattHuisman.nz">
  <extension point="xbmc.addon.repository" name="MattHuisman.nz Repository">
    <dir>
      <info compressed="false">https://api.bitbucket.org/1.0/repositories/matthuisman/matthuisman.nz-kodi-repo/raw/master/addons.xml</info>
      <checksum>https://api.bitbucket.org/1.0/repositories/matthuisman/matthuisman.nz-kodi-repo/raw/master/addons.xml.md5</checksum>
      <datadir zip="true">https://api.bitbucket.org/1.0/repositories/matthuisman/matthuisman.nz-kodi-repo/raw/master/repo</datadir>
    </dir>
  </extension>
  <extension point="xbmc.addon.metadata">
    <platform>all</platform>
    <description lang="en">Addons by MattHuisman.nz</description>
    <license>GNU General Public License, v2</license>
    <language></language>
    <website>http://www.matthuisman.nz</website>
    <news>0.0.3 (18/07/2017)
- Move repo to bitbucket</news>
  </extension>
</addon>