<?xml version="1.0" encoding="UTF-8" standalone="yes"?>
<addon id="plugin.program.noobs.companion" name="NOOBS Companion" version="0.1.1" provider-name="MattHuisman.nz">
  <requires>
    <import addon="xbmc.python" version="2.14.0"/>
  </requires>
  <extension point="xbmc.python.pluginsource" library="addon.py">
    <provides>executable</provides>
  </extension>
  <extension point="xbmc.addon.metadata">
    <platform></platform>
    <description lang="en">Allows easy booting between other installed NOOBS / PINN systems (Raspberry Pi Only)</description>
    <license>GNU General Public License, v2</license>
    <language></language>
    <website>http://www.matthuisman.nz</website>
    <news>0.1.1 (23/06/2017)
- Fix local icon bug
- Add support for latest systems

0.1.0 (14/06/2017)
- Minor bug fixes / clean up</news>
  </extension>
</addon>
