<?xml version="1.0" ?>
<addon id="plugin.audio.nz.radio" name="NZ Radio" version="0.0.3" provider-name="MattHuisman.nz">
  <requires>
    <import addon="xbmc.python" version="2.1.0"/>
    <import addon="script.module.simplejson"/>
    <import addon="script.module.requests"/>
  </requires>
  <extension library="default.py" point="xbmc.python.pluginsource" provides="audio">
    <provides>audio</provides>
  </extension>
  <extension point="xbmc.addon.metadata">
    <description lang="en">Listen to all your favourite NZ radio stations!</description>
    <license>GNU General Public License, v2</license>
    <language></language>
    <website>http://www.matthuisman.nz</website>
    <news>0.0.3 (09/05/2017)
- More reliable m3u8 parser

0.0.2 (08/05/2017)
- Fix ugly radio station titles when playing</news>
  </extension>
</addon>
