<?xml version="1.0" ?>
<addon id="plugin.audio.nz.radio" name="NZ Radio" version="0.0.7" provider-name="MattHuisman.nz">
  <requires>
    <import addon="xbmc.python" version="2.1.0"/>
    <import addon="script.module.simplejson"/>
    <import addon="script.module.requests"/>
  </requires>
  <extension library="default.py" point="xbmc.python.pluginsource" provides="audio">
    <provides>audio</provides>
  </extension>
  <extension point="xbmc.addon.metadata">
    <description lang="en">Listen to all your favourite NZ radio stations!</description>
    <license>GNU General Public License, v2</license>
    <language></language>
    <website>http://www.matthuisman.nz</website>
    <news>0.0.7 (17/07/2017)
- Update data file location

0.0.5 / 0.0.6 (29/06/2017)
- Update the way favorites are created
  which allows for changing of URL without breaking them</news>
  </extension>
</addon>
